run_id,phase,params_json,trades,win_rate,non_loss_rate,profit_factor,net_profit,max_drawdown,sharpe_ratio,annual_return,composite_score,elapsed_sec
p3_eebfc2d6,3,"{""timeframes"": [""M1"", ""M15"", ""H1"", ""H4""], ""regime_detection_tf"": ""H1"", ""htf_alignment_tfs"": [""H4""], ""consensus_threshold"": 5.0, ""max_positions"": 2, ""bonus_max_positions"": 0, ""consensus_primary_weight"": 2.0, ""consensus_entry_weight"": 1.0, ""consensus_confirm_weight"": 2.0, ""consensus_manage_weight"": 1.5, ""consensus_other_weight"": 0.5, ""trailing_start_r"": 2.5, ""trailing_atr_mult"": 2.0, ""stag_exit_minutes"": 180.0, ""partial_1r_ratio"": 0.05, ""early_be_r"": 0.5, ""signal_rev_ratio"": 0.5, ""tp_sl_ratio"": 1.2, ""sl_min_pips"": 8.0, ""range_day_bbw_threshold"": 0.25, ""range_day_score_premium"": 0.3, ""weak_hours_score_premium"": 0.5, ""sg_spread_penalty_rate"": 0.2, ""sg_off_hours_penalty"": 0.25, ""sg_volatility_penalty"": 0.05, ""sg_recent_loss_penalty"": 0.1}",389,67.6,80.44,4.89,430023.0,0.85,2.82,14.33,4.0887,49.9
p3_40fea3cd,3,"{""timeframes"": [""M1"", ""M5"", ""M15"", ""H1"", ""H4""], ""regime_detection_tf"": ""H1"", ""htf_alignment_tfs"": [""H4""], ""consensus_threshold"": 2.5, ""max_positions"": 3, ""bonus_max_positions"": 0, ""consensus_primary_weight"": 2.0, ""consensus_entry_weight"": 1.5, ""consensus_confirm_weight"": 3.0, ""consensus_manage_weight"": 0.5, ""consensus_other_weight"": 1.0, ""trailing_start_r"": 0.5, ""trailing_atr_mult"": 2.0, ""stag_exit_minutes"": 240.0, ""partial_1r_ratio"": 0.05, ""early_be_r"": 0.3, ""signal_rev_ratio"": 0.0, ""tp_sl_ratio"": 1.2, ""sl_min_pips"": 8.0, ""range_day_bbw_threshold"": 0.25, ""range_day_score_premium"": 0.3, ""weak_hours_score_premium"": 0.5, ""sg_spread_penalty_rate"": 0.2, ""sg_off_hours_penalty"": 0.25, ""sg_volatility_penalty"": 0.05, ""sg_recent_loss_penalty"": 0.1}",7351,61.98,76.56,1.92,5418849.0,5.4,5.34,180.63,1.8163,55.7
p3_31e11374,3,"{""timeframes"": [""M1"", ""M15"", ""H1"", ""H4""], ""regime_detection_tf"": ""H1"", ""htf_alignment_tfs"": [""H4""], ""consensus_threshold"": 4.5, ""max_positions"": 2, ""bonus_max_positions"": 0, ""consensus_primary_weight"": 1.5, ""consensus_entry_weight"": 1.5, ""consensus_confirm_weight"": 2.0, ""consensus_manage_weight"": 1.0, ""consensus_other_weight"": 1.0, ""trailing_start_r"": 2.5, ""trailing_atr_mult"": 2.0, ""stag_exit_minutes"": 180.0, ""partial_1r_ratio"": 0.05, ""early_be_r"": 0.5, ""signal_rev_ratio"": 0.5, ""tp_sl_ratio"": 1.2, ""sl_min_pips"": 8.0, ""range_day_bbw_threshold"": 0.25, ""range_day_score_premium"": 0.3, ""weak_hours_score_premium"": 0.5, ""sg_spread_penalty_rate"": 0.2, ""sg_off_hours_penalty"": 0.25, ""sg_volatility_penalty"": 0.05, ""sg_recent_loss_penalty"": 0.1}",407,66.66,79.31,5.12,452401.0,0.83,2.92,15.08,4.3199,45.1
p3_4427f720,3,"{""timeframes"": [""M1"", ""M5"", ""M15"", ""H1"", ""H4""], ""regime_detection_tf"": ""H1"", ""htf_alignment_tfs"": [""H4""], ""consensus_threshold"": 2.0, ""max_positions"": 3, ""bonus_max_positions"": 0, ""consensus_primary_weight"": 2.0, ""consensus_entry_weight"": 1.5, ""consensus_confirm_weight"": 3.0, ""consensus_manage_weight"": 0.5, ""consensus_other_weight"": 1.0, ""trailing_start_r"": 0.5, ""trailing_atr_mult"": 2.0, ""stag_exit_minutes"": 240.0, ""partial_1r_ratio"": 0.05, ""early_be_r"": 0.3, ""signal_rev_ratio"": 0.0, ""tp_sl_ratio"": 1.2, ""sl_min_pips"": 8.0, ""range_day_bbw_threshold"": 0.25, ""range_day_score_premium"": 0.3, ""weak_hours_score_premium"": 0.5, ""sg_spread_penalty_rate"": 0.2, ""sg_off_hours_penalty"": 0.25, ""sg_volatility_penalty"": 0.05, ""sg_recent_loss_penalty"": 0.1}",7373,61.91,76.45,1.91,5424574.0,5.39,5.21,180.82,1.8071,44.3
p3_869a1553,3,"{""timeframes"": [""M1"", ""M15"", ""H1"", ""H4""], ""regime_detection_tf"": ""H1"", ""htf_alignment_tfs"": [""H4""], ""consensus_threshold"": 4.5, ""max_positions"": 1, ""bonus_max_positions"": 0, ""consensus_primary_weight"": 1.5, ""consensus_entry_weight"": 1.5, ""consensus_confirm_weight"": 2.0, ""consensus_manage_weight"": 1.0, ""consensus_other_weight"": 1.0, ""trailing_start_r"": 2.5, ""trailing_atr_mult"": 2.0, ""stag_exit_minutes"": 180.0, ""partial_1r_ratio"": 0.05, ""early_be_r"": 0.5, ""signal_rev_ratio"": 0.5, ""tp_sl_ratio"": 1.2, ""sl_min_pips"": 8.0, ""range_day_bbw_threshold"": 0.25, ""range_day_score_premium"": 0.3, ""weak_hours_score_premium"": 0.5, ""sg_spread_penalty_rate"": 0.2, ""sg_off_hours_penalty"": 0.25, ""sg_volatility_penalty"": 0.05, ""sg_recent_loss_penalty"": 0.1}",274,68.43,79.78,7.99,348002.0,0.78,3.3,11.6,5.9083,40.8
p3_31c416d0,3,"{""timeframes"": [""M1"", ""M5"", ""M15"", ""H1"", ""H4""], ""regime_detection_tf"": ""H1"", ""htf_alignment_tfs"": [""H4""], ""consensus_threshold"": 3.0, ""max_positions"": 3, ""bonus_max_positions"": 0, ""consensus_primary_weight"": 2.0, ""consensus_entry_weight"": 1.5, ""consensus_confirm_weight"": 3.0, ""consensus_manage_weight"": 0.5, ""consensus_other_weight"": 1.0, ""trailing_start_r"": 0.5, ""trailing_atr_mult"": 2.0, ""stag_exit_minutes"": 240.0, ""partial_1r_ratio"": 0.05, ""early_be_r"": 0.3, ""signal_rev_ratio"": 0.0, ""tp_sl_ratio"": 1.2, ""sl_min_pips"": 8.0, ""range_day_bbw_threshold"": 0.25, ""range_day_score_premium"": 0.3, ""weak_hours_score_premium"": 0.5, ""sg_spread_penalty_rate"": 0.2, ""sg_off_hours_penalty"": 0.25, ""sg_volatility_penalty"": 0.05, ""sg_recent_loss_penalty"": 0.1}",7060,61.85,76.55,1.93,5263562.0,5.47,5.18,175.45,1.8244,46.2
p3_c758a1ae,3,"{""timeframes"": [""M1"", ""M15"", ""H1"", ""H4""], ""regime_detection_tf"": ""H1"", ""htf_alignment_tfs"": [""H4""], ""consensus_threshold"": 4.0, ""max_positions"": 1, ""bonus_max_positions"": 0, ""consensus_primary_weight"": 1.5, ""consensus_entry_weight"": 2.0, ""consensus_confirm_weight"": 3.0, ""consensus_manage_weight"": 0.5, ""consensus_other_weight"": 0.5, ""trailing_start_r"": 2.5, ""trailing_atr_mult"": 2.0, ""stag_exit_minutes"": 180.0, ""partial_1r_ratio"": 0.05, ""early_be_r"": 0.5, ""signal_rev_ratio"": 0.5, ""tp_sl_ratio"": 1.2, ""sl_min_pips"": 8.0, ""range_day_bbw_threshold"": 0.25, ""range_day_score_premium"": 0.3, ""weak_hours_score_premium"": 0.5, ""sg_spread_penalty_rate"": 0.2, ""sg_off_hours_penalty"": 0.25, ""sg_volatility_penalty"": 0.05, ""sg_recent_loss_penalty"": 0.1}",1088,71.28,80.11,3.86,1363913.0,1.63,5.33,45.46,3.7971,45.0
p3_d70d48c9,3,"{""timeframes"": [""M1"", ""M5"", ""M15"", ""M30"", ""H1"", ""H4"", ""D1""], ""regime_detection_tf"": ""H1"", ""htf_alignment_tfs"": [""H4"", ""D1""], ""consensus_threshold"": 5.0, ""max_positions"": 3, ""bonus_max_positions"": 0, ""consensus_primary_weight"": 2.0, ""consensus_entry_weight"": 1.5, ""consensus_confirm_weight"": 3.0, ""consensus_manage_weight"": 0.5, ""consensus_other_weight"": 1.0, ""trailing_start_r"": 0.5, ""trailing_atr_mult"": 2.0, ""stag_exit_minutes"": 240.0, ""partial_1r_ratio"": 0.05, ""early_be_r"": 0.3, ""signal_rev_ratio"": 0.0, ""tp_sl_ratio"": 1.2, ""sl_min_pips"": 8.0, ""range_day_bbw_threshold"": 0.25, ""range_day_score_premium"": 0.3, ""weak_hours_score_premium"": 0.5, ""sg_spread_penalty_rate"": 0.2, ""sg_off_hours_penalty"": 0.25, ""sg_volatility_penalty"": 0.05, ""sg_recent_loss_penalty"": 0.1}",7477,62.84,76.2,1.98,5637103.0,3.96,5.46,187.9,1.9016,51.9
p3_48143f52,3,"{""timeframes"": [""M1"", ""M15"", ""H1"", ""H4""], ""regime_detection_tf"": ""H1"", ""htf_alignment_tfs"": [""H4""], ""consensus_threshold"": 6.0, ""max_positions"": 2, ""bonus_max_positions"": 0, ""consensus_primary_weight"": 2.0, ""consensus_entry_weight"": 1.5, ""consensus_confirm_weight"": 3.0, ""consensus_manage_weight"": 0.5, ""consensus_other_weight"": 1.0, ""trailing_start_r"": 2.5, ""trailing_atr_mult"": 2.0, ""stag_exit_minutes"": 180.0, ""partial_1r_ratio"": 0.05, ""early_be_r"": 0.5, ""signal_rev_ratio"": 0.5, ""tp_sl_ratio"": 1.2, ""sl_min_pips"": 8.0, ""range_day_bbw_threshold"": 0.25, ""range_day_score_premium"": 0.3, ""weak_hours_score_premium"": 0.5, ""sg_spread_penalty_rate"": 0.2, ""sg_off_hours_penalty"": 0.25, ""sg_volatility_penalty"": 0.05, ""sg_recent_loss_penalty"": 0.1}",965,70.11,80.52,4.82,1138958.0,1.19,4.32,37.97,4.7626,50.0
p3_76a28e5d,3,"{""timeframes"": [""M1"", ""M5"", ""M15"", ""M30"", ""H1"", ""H4"", ""D1""], ""regime_detection_tf"": ""H1"", ""htf_alignment_tfs"": [""H4"", ""D1""], ""consensus_threshold"": 4.0, ""max_positions"": 3, ""bonus_max_positions"": 0, ""consensus_primary_weight"": 2.0, ""consensus_entry_weight"": 1.5, ""consensus_confirm_weight"": 3.0, ""consensus_manage_weight"": 0.5, ""consensus_other_weight"": 1.0, ""trailing_start_r"": 0.5, ""trailing_atr_mult"": 2.0, ""stag_exit_minutes"": 240.0, ""partial_1r_ratio"": 0.05, ""early_be_r"": 0.3, ""signal_rev_ratio"": 0.0, ""tp_sl_ratio"": 1.2, ""sl_min_pips"": 8.0, ""range_day_bbw_threshold"": 0.25, ""range_day_score_premium"": 0.3, ""weak_hours_score_premium"": 0.5, ""sg_spread_penalty_rate"": 0.2, ""sg_off_hours_penalty"": 0.25, ""sg_volatility_penalty"": 0.05, ""sg_recent_loss_penalty"": 0.1}",7665,62.69,76.1,1.97,5701876.0,4.2,5.44,190.06,1.8873,66.0
p3_f44a7dd4,3,"{""timeframes"": [""M15"", ""H1"", ""H4""], ""regime_detection_tf"": ""H1"", ""htf_alignment_tfs"": [""H4""], ""consensus_threshold"": 4.5, ""max_positions"": 1, ""bonus_max_positions"": 0, ""consensus_primary_weight"": 2.0, ""consensus_entry_weight"": 1.5, ""consensus_confirm_weight"": 3.0, ""consensus_manage_weight"": 0.5, ""consensus_other_weight"": 1.0, ""trailing_start_r"": 2.5, ""trailing_atr_mult"": 2.0, ""stag_exit_minutes"": 180.0, ""partial_1r_ratio"": 0.05, ""early_be_r"": 0.5, ""signal_rev_ratio"": 0.5, ""tp_sl_ratio"": 1.2, ""sl_min_pips"": 8.0, ""range_day_bbw_threshold"": 0.25, ""range_day_score_premium"": 0.3, ""weak_hours_score_premium"": 0.5, ""sg_spread_penalty_rate"": 0.2, ""sg_off_hours_penalty"": 0.25, ""sg_volatility_penalty"": 0.05, ""sg_recent_loss_penalty"": 0.1}",219,84.54,94.49,20.81,430902.0,0.43,3.83,14.36,6.1318,32.7
p3_c8e3cb60,3,"{""timeframes"": [""M1"", ""M5"", ""M15"", ""M30"", ""H1"", ""H4"", ""H8"", ""D1""], ""regime_detection_tf"": ""H1"", ""htf_alignment_tfs"": [""H4"", ""D1""], ""max_positions"": 3, ""bonus_max_positions"": 0}",7747,61.05,73.7,2.05,5763049.0,5.13,5.01,192.1,1.9448,58.1
